timeSinceStart (ms), eventId, msg
110551,1,52.27.154.155 i-f20eeb2b
111051,3,InputImage/9967_47.png 250 i-f20eeb2b
111552,3,InputImage/7614_51.png 250 i-f20eeb2b
112052,3,InputImage/7088_54(copy).png 250 i-f20eeb2b
112553,3,InputImage/6811_56(copy).png 250 i-f20eeb2b
113054,3,InputImage/10538_46.png 250 i-f20eeb2b
113554,3,InputImage/7111_53.png 250 i-f20eeb2b
114055,3,InputImage/5984_59.png 250 i-f20eeb2b
114555,3,InputImage/5889_60.png 250 i-f20eeb2b
115056,3,InputImage/3073_80.png 250 i-f20eeb2b
115553,4,InputImage/9967_47.png i-f20eeb2b
115556,3,InputImage/5082_68.png 250 i-f20eeb2b
116056,3,InputImage/9967_47(copy).png 250 i-f20eeb2b
116557,3,InputImage/6029_58.png 250 i-f20eeb2b
117057,3,InputImage/5516_63(copy).png 250 i-f20eeb2b
117554,4,InputImage/7614_51.png i-f20eeb2b
117558,3,InputImage/5511_64(copy).png 250 i-f20eeb2b
118058,3,InputImage/5511_64.png 250 i-f20eeb2b
118559,3,InputImage/5786_62.png 250 i-f20eeb2b
119061,3,InputImage/1881_85.png 250 i-f20eeb2b
119561,3,InputImage/5328_66(copy).png 250 i-f20eeb2b
120061,3,InputImage/7835_49.png 250 i-f20eeb2b
120557,4,InputImage/7088_54(copy).png i-f20eeb2b
120562,3,InputImage/7835_49(copy).png 250 i-f20eeb2b
121062,3,InputImage/6329_57.png 250 i-f20eeb2b
121563,3,InputImage/5984_59(copy).png 250 i-f20eeb2b
122063,0,leasing new machine
122558,4,InputImage/6811_56(copy).png i-f20eeb2b
124560,4,InputImage/10538_46.png i-f20eeb2b
126560,4,InputImage/7111_53.png i-f20eeb2b
129563,4,InputImage/5984_59.png i-f20eeb2b
131565,4,InputImage/5889_60.png i-f20eeb2b
134567,4,InputImage/3073_80.png i-f20eeb2b
136568,4,InputImage/5082_68.png i-f20eeb2b
138570,4,InputImage/9967_47(copy).png i-f20eeb2b
141571,4,InputImage/6029_58.png i-f20eeb2b
143573,4,InputImage/5516_63(copy).png i-f20eeb2b
145573,4,InputImage/5511_64(copy).png i-f20eeb2b
148576,4,InputImage/5511_64.png i-f20eeb2b
150577,4,InputImage/5786_62.png i-f20eeb2b
152577,4,InputImage/1881_85.png i-f20eeb2b
155580,4,InputImage/5328_66(copy).png i-f20eeb2b
157580,4,InputImage/7835_49.png i-f20eeb2b
159582,4,InputImage/7835_49(copy).png i-f20eeb2b
162583,4,InputImage/6329_57.png i-f20eeb2b
164585,4,InputImage/5984_59(copy).png i-f20eeb2b
165142,3,InputImage/4318_74.png 250 i-f20eeb2b
165642,3,InputImage/3977_76.png 250 i-f20eeb2b
166143,3,InputImage/8538_48.png 250 i-f20eeb2b
166643,3,InputImage/5786_62(copy).png 250 i-f20eeb2b
167144,3,InputImage/4481_72.png 250 i-f20eeb2b
167586,4,InputImage/4318_74.png i-f20eeb2b
167644,3,InputImage/7614_51(copy).png 250 i-f20eeb2b
168144,3,InputImage/6329_57(copy).png 250 i-f20eeb2b
168645,3,InputImage/6884_55.png 250 i-f20eeb2b
169145,3,InputImage/2710_83.png 250 i-f20eeb2b
169588,4,InputImage/3977_76.png i-f20eeb2b
169646,3,InputImage/3328_79.png 250 i-f20eeb2b
170146,3,InputImage/2433_84.png 250 i-f20eeb2b
170646,3,InputImage/3967_77.png 250 i-f20eeb2b
171147,3,InputImage/4731_70.png 250 i-f20eeb2b
171588,4,InputImage/8538_48.png i-f20eeb2b
171647,3,InputImage/4424_73.png 250 i-f20eeb2b
172147,3,InputImage/4027_75.png 250 i-f20eeb2b
172648,3,InputImage/6884_55(copy).png 250 i-f20eeb2b
173148,3,InputImage/7088_54.png 250 i-f20eeb2b
173590,4,InputImage/5786_62(copy).png i-f20eeb2b
173649,3,InputImage/7469_52(copy).png 250 i-f20eeb2b
174149,3,InputImage/2730_82.png 250 i-f20eeb2b
174649,3,InputImage/15150_45(copy).jpg 250 i-f20eeb2b
175150,3,InputImage/6029_58(copy).png 250 i-f20eeb2b
175651,3,InputImage/4828_69.png 250 i-f20eeb2b
176151,3,InputImage/5406_65.png 250 i-f20eeb2b
176592,4,InputImage/4481_72.png i-f20eeb2b
176651,3,InputImage/7469_52.png 250 i-f20eeb2b
178593,4,InputImage/7614_51(copy).png i-f20eeb2b
179094,3,InputImage/7810_50(copy).png 250 i-f20eeb2b
180594,4,InputImage/6329_57(copy).png i-f20eeb2b
181095,3,InputImage/5889_60(copy).png 250 i-f20eeb2b
183598,4,InputImage/6884_55.png i-f20eeb2b
184098,3,InputImage/7810_50.png 250 i-f20eeb2b
185601,4,InputImage/2710_83.png i-f20eeb2b
186102,3,InputImage/4671_71.png 250 i-f20eeb2b
187602,4,InputImage/3328_79.png i-f20eeb2b
188103,3,InputImage/5128_67.png 250 i-f20eeb2b
190603,4,InputImage/2433_84.png i-f20eeb2b
191104,3,InputImage/2853_81.png 250 i-f20eeb2b
192604,4,InputImage/3967_77.png i-f20eeb2b
193106,3,InputImage/5406_65(copy).png 250 i-f20eeb2b
194607,4,InputImage/4731_70.png i-f20eeb2b
195107,3,InputImage/5328_66.png 250 i-f20eeb2b
197608,4,InputImage/4424_73.png i-f20eeb2b
198109,3,InputImage/7111_53(copy).png 250 i-f20eeb2b
199609,4,InputImage/4027_75.png i-f20eeb2b
200110,3,InputImage/15150_45.jpg 250 i-f20eeb2b
201610,4,InputImage/6884_55(copy).png i-f20eeb2b
202111,3,InputImage/5128_67(copy).png 250 i-f20eeb2b
204612,4,InputImage/7088_54.png i-f20eeb2b
205113,3,InputImage/10538_46(copy).png 250 i-f20eeb2b
206613,4,InputImage/7469_52(copy).png i-f20eeb2b
207114,3,InputImage/5516_63.png 250 i-f20eeb2b
208615,4,InputImage/2730_82.png i-f20eeb2b
209116,3,InputImage/5853_61(copy).png 250 i-f20eeb2b
211616,4,InputImage/15150_45(copy).jpg i-f20eeb2b
212117,3,InputImage/5853_61.png 250 i-f20eeb2b
213618,4,InputImage/6029_58(copy).png i-f20eeb2b
214119,3,InputImage/3342_78.png 250 i-f20eeb2b
215619,4,InputImage/4828_69.png i-f20eeb2b
216120,3,InputImage/6811_56.png 250 i-f20eeb2b
218622,4,InputImage/5406_65.png i-f20eeb2b
219123,3,InputImage/8538_48(copy).png 250 i-f20eeb2b
219623,1,52.26.211.5 i-de08ed07
219623,3,InputImage/19563_lovely(copy).jpg 500 i-de08ed07
220124,3,InputImage/19563_lovely.jpg 500 i-de08ed07
220624,4,InputImage/7469_52.png i-f20eeb2b
220624,3,InputImage/27850_44.jpg 750 i-de08ed07
221124,3,InputImage/27850_44(copy).jpg 750 i-de08ed07
221625,3,InputImage/48283_43.jpg 1500 i-de08ed07
222125,0,leasing new machine
223626,4,InputImage/7810_50(copy).png i-f20eeb2b
223626,4,InputImage/19563_lovely(copy).jpg i-de08ed07
225627,4,InputImage/5889_60(copy).png i-f20eeb2b
226627,4,InputImage/19563_lovely.jpg i-de08ed07
227628,4,InputImage/7810_50.png i-f20eeb2b
228629,4,InputImage/27850_44.jpg i-de08ed07
230630,4,InputImage/4671_71.png i-f20eeb2b
230630,4,InputImage/27850_44(copy).jpg i-de08ed07
232631,4,InputImage/5128_67.png i-f20eeb2b
233632,4,InputImage/48283_43.jpg i-de08ed07
234633,4,InputImage/2853_81.png i-f20eeb2b
237634,4,InputImage/5406_65(copy).png i-f20eeb2b
239636,4,InputImage/5328_66.png i-f20eeb2b
241637,4,InputImage/7111_53(copy).png i-f20eeb2b
244639,4,InputImage/15150_45.jpg i-f20eeb2b
246640,4,InputImage/5128_67(copy).png i-f20eeb2b
248642,4,InputImage/10538_46(copy).png i-f20eeb2b
251643,4,InputImage/5516_63.png i-f20eeb2b
253645,4,InputImage/5853_61(copy).png i-f20eeb2b
255226,3,InputImage/51081_41.jpg 1500 i-de08ed07
255646,4,InputImage/5853_61.png i-f20eeb2b
255727,3,InputImage/48283_43(copy).jpg 1500 i-f20eeb2b
256227,3,InputImage/50638_42.jpg 1500 i-f20eeb2b
256646,4,InputImage/51081_41.jpg i-de08ed07
256727,3,InputImage/47658_646148.jpg 1500 i-de08ed07
257228,3,InputImage/47658_646148(copy).jpg 1500 i-de08ed07
257728,3,InputImage/51770_Photograph.jpg 1500 i-de08ed07
258648,4,InputImage/3342_78.png i-f20eeb2b
258648,4,InputImage/47658_646148.jpg i-de08ed07
259148,3,InputImage/50638_42(copy).jpg 1500 i-de08ed07
260649,4,InputImage/6811_56.png i-f20eeb2b
261650,4,InputImage/47658_646148(copy).jpg i-de08ed07
262150,3,InputImage/61005_wall.jpg 1750 i-de08ed07
262650,4,InputImage/8538_48(copy).png i-f20eeb2b
263652,4,InputImage/51770_Photograph.jpg i-de08ed07
265652,4,InputImage/48283_43(copy).jpg i-f20eeb2b
265653,4,InputImage/50638_42(copy).jpg i-de08ed07
266153,3,InputImage/63529_40(copy).jpg 2000 i-f20eeb2b
266653,3,InputImage/63529_40.jpg 2000 i-de08ed07
267653,4,InputImage/50638_42.jpg i-f20eeb2b
268155,3,InputImage/65201_39.jpg 2000 i-f20eeb2b
268655,4,InputImage/61005_wall.jpg i-de08ed07
268655,3,InputImage/65201_39(copy).jpg 2000 i-de08ed07
269655,4,InputImage/63529_40(copy).jpg i-f20eeb2b
270156,3,InputImage/78197_38(copy).jpg 2500 i-f20eeb2b
270656,4,InputImage/63529_40.jpg i-de08ed07
270657,3,InputImage/78197_38.jpg 2500 i-de08ed07
272657,4,InputImage/65201_39.jpg i-f20eeb2b
273658,4,InputImage/65201_39(copy).jpg i-de08ed07
275659,4,InputImage/78197_38(copy).jpg i-f20eeb2b
276159,3,InputImage/88213_apple(copy).jpg 2750 i-f20eeb2b
276660,4,InputImage/78197_38.jpg i-de08ed07
276660,3,InputImage/88213_apple.jpg 2750 i-de08ed07
279662,4,InputImage/88213_apple(copy).jpg i-f20eeb2b
280162,3,InputImage/103483_header3.jpg 3250 i-f20eeb2b
280662,4,InputImage/88213_apple.jpg i-de08ed07
280663,3,InputImage/103483_heade(copy).jpg 3250 i-de08ed07
282663,4,InputImage/103483_header3.jpg i-f20eeb2b
282664,4,InputImage/103483_heade(copy).jpg i-de08ed07
283165,3,InputImage/102548_sunsetspace.jpg 3250 i-de08ed07
283665,3,InputImage/102548_sunsetspace(copy).jpg 3250 i-f20eeb2b
286666,4,InputImage/102548_sunsetspace(copy).jpg i-f20eeb2b
286666,4,InputImage/102548_sunsetspace.jpg i-de08ed07
287166,3,InputImage/121651_eye(copy).jpg 3750 i-de08ed07
287667,3,InputImage/120825_press6.jpg 3750 i-f20eeb2b
289668,4,InputImage/121651_eye(copy).jpg i-de08ed07
290168,3,InputImage/120825_press(copy).jpg 3750 i-de08ed07
290669,4,InputImage/120825_press6.jpg i-f20eeb2b
290669,3,InputImage/121651_eye.jpg 3750 i-f20eeb2b
292669,4,InputImage/121651_eye.jpg i-f20eeb2b
292671,4,InputImage/120825_press(copy).jpg i-de08ed07
293171,3,InputImage/127493_37(copy).jpg 4000 i-de08ed07
293671,3,InputImage/129696_dial.jpg 4000 i-f20eeb2b
295672,4,InputImage/127493_37(copy).jpg i-de08ed07
296172,3,InputImage/127493_37.jpg 4000 i-de08ed07
296672,4,InputImage/129696_dial.jpg i-f20eeb2b
296672,3,InputImage/129696_dial(copy).jpg 4000 i-f20eeb2b
297673,4,InputImage/127493_37.jpg i-de08ed07
297674,1,52.89.150.190 i-0808edd1
298174,3,InputImage/140399_balls(copy).jpg 4250 i-0808edd1
298674,3,InputImage/140399_ballss.jpg 4250 i-de08ed07
299175,0,leasing new machine
299674,4,InputImage/129696_dial(copy).jpg i-f20eeb2b
301675,4,InputImage/140399_ballss.jpg i-de08ed07
303677,4,InputImage/140399_balls(copy).jpg i-0808edd1
311041,3,InputImage/166717_abstract.jpg 5250 i-0808edd1
311542,3,InputImage/166717_abstrac(copy).jpg 5250 i-de08ed07
312042,3,InputImage/179850_Hulk.jpg 5750 i-f20eeb2b
312681,4,InputImage/166717_abstract.jpg i-0808edd1
313183,3,InputImage/179850_Hulk(copy).jpg 5750 i-0808edd1
313683,4,InputImage/166717_abstrac(copy).jpg i-de08ed07
313683,3,InputImage/217089_maze(copy).jpg 6750 i-de08ed07
314683,4,InputImage/179850_Hulk.jpg i-f20eeb2b
315184,3,InputImage/212410_tige(copy).jpg 6750 i-f20eeb2b
315684,4,InputImage/179850_Hulk(copy).jpg i-0808edd1
315684,3,InputImage/217089_maze.jpg 6750 i-0808edd1
316684,4,InputImage/217089_maze(copy).jpg i-de08ed07
317185,3,InputImage/212410_tiger.jpg 6750 i-de08ed07
318686,4,InputImage/212410_tige(copy).jpg i-f20eeb2b
318686,4,InputImage/217089_maze.jpg i-0808edd1
319186,3,InputImage/237418 _bulb.jpeg 7500 i-0808edd1
319686,3,InputImage/237418 _bul(copy).jpeg 7500 i-f20eeb2b
320686,4,InputImage/212410_tiger.jpg i-de08ed07
321187,3,InputImage/254459_36.jpg 8000 i-de08ed07
322687,4,InputImage/237418 _bul(copy).jpeg i-f20eeb2b
322688,4,InputImage/237418 _bulb.jpeg i-0808edd1
323188,3,InputImage/254459_36(copy).jpg 8000 i-0808edd1
323689,3,InputImage/275099_ball(copy).jpg 8750 i-f20eeb2b
325689,4,InputImage/254459_36.jpg i-de08ed07
326190,3,InputImage/275099_ball.jpg 8750 i-de08ed07
327690,4,InputImage/275099_ball(copy).jpg i-f20eeb2b
327691,4,InputImage/254459_36(copy).jpg i-0808edd1
328191,3,InputImage/314944_cig.jpeg 10000 i-0808edd1
328692,3,InputImage/314944_cig(copy).jpeg 10000 i-f20eeb2b
329692,4,InputImage/275099_ball.jpg i-de08ed07
330192,3,InputImage/357625_dfg(copy).jpg 11250 i-de08ed07
331693,4,InputImage/314944_cig(copy).jpeg i-f20eeb2b
331693,4,InputImage/314944_cig.jpeg i-0808edd1
332193,3,InputImage/357625_dfg.jpg 11250 i-0808edd1
332694,3,InputImage/373041_Blas(copy).jpg 11750 i-f20eeb2b
333695,4,InputImage/357625_dfg(copy).jpg i-de08ed07
334195,3,InputImage/373041_Blast.jpg 11750 i-de08ed07
334695,4,InputImage/373041_Blas(copy).jpg i-f20eeb2b
334696,3,InputImage/390255_island.jpg 12250 i-f20eeb2b
335696,4,InputImage/357625_dfg.jpg i-0808edd1
336196,3,InputImage/390255_island(copy).jpg 12250 i-0808edd1
337697,4,InputImage/373041_Blast.jpg i-de08ed07
338198,3,InputImage/424526_scenerynatur(copy).jpg 13500 i-de08ed07
341699,4,InputImage/390255_island.jpg i-f20eeb2b
342199,3,InputImage/424526_scenerynature(copy).jpg 13500 i-f20eeb2b
342699,4,InputImage/424526_scenerynatur(copy).jpg i-de08ed07
342700,4,InputImage/390255_island(copy).jpg i-0808edd1
343201,3,InputImage/424526_scenerynature(copy)(copy).jpg 13500 i-0808edd1
343701,3,InputImage/424526_scenerynature.jpg 13500 i-de08ed07
346702,4,InputImage/424526_scenerynature(copy).jpg i-f20eeb2b
346702,4,InputImage/424526_scenerynature.jpg i-de08ed07
346702,4,InputImage/424526_scenerynature(copy)(copy).jpg i-0808edd1
347202,3,InputImage/444559_hightiger(copy)(copy).jpg 14000 i-0808edd1
347703,3,InputImage/444559_hightiger.jpg 14000 i-de08ed07
348204,3,InputImage/444559_hightiger(copy).jpg 14000 i-f20eeb2b
353707,4,InputImage/444559_hightiger(copy).jpg i-f20eeb2b
353707,4,InputImage/444559_hightiger.jpg i-de08ed07
353707,4,InputImage/444559_hightiger(copy)(copy).jpg i-0808edd1
354207,3,InputImage/444559_hightige(copy).jpg 14000 i-0808edd1
354707,3,InputImage/449918_scen(copy).jpg 14250 i-de08ed07
355208,3,InputImage/452613_Italy(copy)(copy).jpg 14250 i-f20eeb2b
358709,4,InputImage/452613_Italy(copy)(copy).jpg i-f20eeb2b
358710,4,InputImage/449918_scen(copy).jpg i-de08ed07
359210,3,InputImage/449918_scene(copy).jpg 14250 i-de08ed07
359710,4,InputImage/444559_hightige(copy).jpg i-0808edd1
359711,3,InputImage/449918_scene.jpg 14250 i-f20eeb2b
360211,3,InputImage/452613_Ital(copy).jpg 14250 i-0808edd1
362712,4,InputImage/449918_scene.jpg i-f20eeb2b
362713,4,InputImage/449918_scene(copy).jpg i-de08ed07
363214,3,InputImage/452613_Italy(copy).jpg 14250 i-de08ed07
363714,4,InputImage/452613_Ital(copy).jpg i-0808edd1
363714,3,InputImage/452613_Italy.jpg 14250 i-0808edd1
364214,3,InputImage/449918_scene(copy)(copy).jpg 14250 i-f20eeb2b
366715,4,InputImage/449918_scene(copy)(copy).jpg i-f20eeb2b
366715,4,InputImage/452613_Italy(copy).jpg i-de08ed07
367215,3,InputImage/454950_wallpaper(copy).jpg 14500 i-de08ed07
367716,4,InputImage/452613_Italy.jpg i-0808edd1
367716,3,InputImage/454950_wallpaper(copy)(copy).jpg 14500 i-f20eeb2b
368217,3,InputImage/454950_wallpaper.jpg 14500 i-0808edd1
371718,4,InputImage/454950_wallpaper(copy)(copy).jpg i-f20eeb2b
371718,4,InputImage/454950_wallpaper(copy).jpg i-de08ed07
372219,3,InputImage/454950_wallpape(copy).jpg 14500 i-de08ed07
372719,4,InputImage/454950_wallpaper.jpg i-0808edd1
372719,3,InputImage/793910_guandutaiwan(copy)(copy).jpg 25250 i-f20eeb2b
373220,3,InputImage/793910_guandutaiwa(copy).jpg 25250 i-0808edd1
375721,4,InputImage/793910_guandutaiwan(copy)(copy).jpg i-f20eeb2b
375721,4,InputImage/454950_wallpape(copy).jpg i-de08ed07
376221,3,InputImage/793910_guandutaiwan.jpg 25250 i-de08ed07
376722,4,InputImage/793910_guandutaiwa(copy).jpg i-0808edd1
376722,3,InputImage/793910_guandutaiwan(copy).jpg 25250 i-f20eeb2b
377222,3,InputImage/911458_cub(copy).jpg 29000 i-0808edd1
379723,4,InputImage/793910_guandutaiwan.jpg i-de08ed07
380224,3,InputImage/911458_cube.jpg 29000 i-de08ed07
380724,4,InputImage/793910_guandutaiwan(copy).jpg i-f20eeb2b
380724,4,InputImage/911458_cub(copy).jpg i-0808edd1
380725,3,InputImage/911458_cube(copy).jpg 29000 i-f20eeb2b
381225,3,InputImage/911458_cube(copy)(copy).jpg 29000 i-0808edd1
384727,4,InputImage/911458_cube(copy).jpg i-f20eeb2b
384727,4,InputImage/911458_cube.jpg i-de08ed07
385227,3,InputImage/953816_dream_night.jpg 30500 i-de08ed07
385728,4,InputImage/911458_cube(copy)(copy).jpg i-0808edd1
385728,3,InputImage/953816_dream_night(copy).jpg 30500 i-0808edd1
386228,3,InputImage/953816_dream_nigh(copy).jpg 30500 i-f20eeb2b
388730,4,InputImage/953816_dream_night.jpg i-de08ed07
389231,3,InputImage/953816_dream_night(copy)(copy).jpg 30500 i-de08ed07
389731,4,InputImage/953816_dream_nigh(copy).jpg i-f20eeb2b
389731,4,InputImage/953816_dream_night(copy).jpg i-0808edd1
389731,3,InputImage/985674_3(copy).jpg 31500 i-f20eeb2b
390232,3,InputImage/985674_35(copy).jpg 31500 i-0808edd1
393733,4,InputImage/953816_dream_night(copy)(copy).jpg i-de08ed07
394234,3,InputImage/985674_35.jpg 31500 i-de08ed07
404739,1,52.89.160.171 i-500bee89
405240,3,InputImage/985674_35(copy)(copy).jpg 31500 i-500bee89
430753,4,InputImage/985674_35(copy)(copy).jpg i-500bee89
431254,3,InputImage/1022462_stuff.jpg 32500 i-500bee89
435756,4,InputImage/1022462_stuff.jpg i-500bee89
436256,3,InputImage/1022462_stuff(copy).jpg 32500 i-500bee89
438758,4,InputImage/985674_35.jpg i-de08ed07
439258,3,InputImage/1022462_stuff(copy)(copy).jpg 32500 i-de08ed07
440759,4,InputImage/1022462_stuff(copy).jpg i-500bee89
441259,3,InputImage/1022462_stuf(copy).jpg 32500 i-500bee89
443761,4,InputImage/1022462_stuff(copy)(copy).jpg i-de08ed07
444262,3,InputImage/1040753_car1(copy).jpg 33250 i-de08ed07
444762,4,InputImage/1022462_stuf(copy).jpg i-500bee89
444762,3,InputImage/1045284_dna.jpg 33250 i-500bee89
447763,4,InputImage/1040753_car1(copy).jpg i-de08ed07
448264,3,InputImage/1044231_34.jpg 33250 i-de08ed07
451765,4,InputImage/1045284_dna.jpg i-500bee89
452265,3,InputImage/1044231_3(copy).jpg 33250 i-500bee89
458770,4,InputImage/1044231_34.jpg i-de08ed07
459270,3,InputImage/1045284_dn(copy).jpg 33250 i-de08ed07
463773,4,InputImage/1044231_3(copy).jpg i-500bee89
464273,3,InputImage/1045284_dna(copy).jpg 33250 i-500bee89
466774,4,InputImage/1045284_dn(copy).jpg i-de08ed07
467274,3,InputImage/1040753_car11(copy).jpg 33250 i-de08ed07
469776,4,InputImage/1045284_dna(copy).jpg i-500bee89
470276,3,InputImage/1040753_car11.jpg 33250 i-500bee89
470776,4,InputImage/1040753_car11(copy).jpg i-de08ed07
470777,3,InputImage/1044231_34(copy)(copy).jpg 33250 i-de08ed07
473778,4,InputImage/1040753_car11.jpg i-500bee89
474279,3,InputImage/1040753_car11(copy)(copy).jpg 33250 i-500bee89
476780,4,InputImage/985674_3(copy).jpg i-f20eeb2b
477280,3,InputImage/1044231_34(copy).jpg 33250 i-f20eeb2b
477780,4,InputImage/985674_35(copy).jpg i-0808edd1
478281,3,InputImage/1045284_dna(copy)(copy).jpg 33250 i-0808edd1
478782,4,InputImage/1040753_car11(copy)(copy).jpg i-500bee89
478782,3,InputImage/1063487_cit(copy).jpg 34000 i-500bee89
481783,4,InputImage/1044231_34(copy)(copy).jpg i-de08ed07
482283,3,InputImage/1063487_city.jpg 34000 i-de08ed07
484785,4,InputImage/1045284_dna(copy)(copy).jpg i-0808edd1
485285,3,InputImage/1063487_city(copy)(copy).jpg 34000 i-0808edd1
488788,4,InputImage/1044231_34(copy).jpg i-f20eeb2b
489288,3,InputImage/1063487_city(copy).jpg 34000 i-f20eeb2b
489788,4,InputImage/1063487_cit(copy).jpg i-500bee89
489788,3,InputImage/1085954_embed.jpg 34750 i-500bee89
492789,4,InputImage/1063487_city.jpg i-de08ed07
493291,3,InputImage/1085954_embed(copy).jpg 34750 i-de08ed07
493791,4,InputImage/1085954_embed.jpg i-500bee89
493791,3,InputImage/1085954_embe(copy).jpg 34750 i-500bee89
495792,4,InputImage/1063487_city(copy)(copy).jpg i-0808edd1
496292,3,InputImage/1085954_embed(copy)(copy).jpg 34750 i-0808edd1
496792,4,InputImage/1085954_embed(copy).jpg i-de08ed07
496792,3,InputImage/1127748_33(copy).jpg 36000 i-de08ed07
498794,4,InputImage/1085954_embe(copy).jpg i-500bee89
499294,3,InputImage/1127748_3(copy).jpg 36000 i-500bee89
499794,4,InputImage/1085954_embed(copy)(copy).jpg i-0808edd1
499795,3,InputImage/1127748_33.jpg 36000 i-0808edd1
500795,4,InputImage/1063487_city(copy).jpg i-f20eeb2b
501295,3,InputImage/1127748_33(copy)(copy).jpg 36000 i-f20eeb2b
538815,4,InputImage/1127748_33(copy)(copy).jpg i-f20eeb2b
538815,4,InputImage/1127748_33.jpg i-0808edd1
539315,3,InputImage/1240807_high-definition(copy).jpg 39500 i-0808edd1
539815,3,InputImage/1240807_high-definition(copy)(copy).jpg 39500 i-f20eeb2b
542816,4,InputImage/1240807_high-definition(copy).jpg i-0808edd1
543317,3,InputImage/1240807_high-definition.jpg 39500 i-0808edd1
543817,4,InputImage/1240807_high-definition(copy)(copy).jpg i-f20eeb2b
543817,3,InputImage/1240807_high-definitio(copy).jpg 39500 i-f20eeb2b
547818,4,InputImage/1240807_high-definitio(copy).jpg i-f20eeb2b
547819,4,InputImage/1240807_high-definition.jpg i-0808edd1
548319,3,InputImage/1383107_dragon.jpg 44250 i-0808edd1
548820,3,InputImage/1383107_dragon(copy)(copy).jpg 44250 i-f20eeb2b
556823,4,InputImage/1383107_dragon.jpg i-0808edd1
557323,3,InputImage/1383107_drago(copy).jpg 44250 i-0808edd1
557823,4,InputImage/1383107_dragon(copy)(copy).jpg i-f20eeb2b
558325,3,InputImage/1383107_dragon(copy).jpg 44250 i-f20eeb2b
565828,4,InputImage/1383107_drago(copy).jpg i-0808edd1
566328,3,InputImage/1755436_tropical_beach(copy)(copy).jpg 56000 i-0808edd1
566828,4,InputImage/1383107_dragon(copy).jpg i-f20eeb2b
566828,3,InputImage/1755436_tropical_beach(copy).jpg 56000 i-f20eeb2b
570830,4,InputImage/1755436_tropical_beach(copy)(copy).jpg i-0808edd1
571331,3,InputImage/1755436_tropical_beac(copy).jpg 56000 i-0808edd1
571831,4,InputImage/1755436_tropical_beach(copy).jpg i-f20eeb2b
571831,3,InputImage/1755436_tropical_beach.jpg 56000 i-f20eeb2b
575832,4,InputImage/1755436_tropical_beac(copy).jpg i-0808edd1
576333,3,InputImage/2900101_hdwallpapers5.jpg 92750 i-0808edd1
576833,4,InputImage/1755436_tropical_beach.jpg i-f20eeb2b
576833,3,InputImage/2900101_hdwallpaper(copy).jpg 92750 i-f20eeb2b
580835,4,InputImage/2900101_hdwallpaper(copy).jpg i-f20eeb2b
580836,4,InputImage/2900101_hdwallpapers5.jpg i-0808edd1
581336,3,InputImage/2900101_hdwallpapers5(copy).jpg 92750 i-0808edd1
581836,3,InputImage/3167633_Meteosat7(anothercopy).jpg 101250 i-f20eeb2b
583838,4,InputImage/1127748_3(copy).jpg i-500bee89
584338,3,InputImage/3167633_Meteosat7.jpg 101250 i-500bee89
584839,4,InputImage/2900101_hdwallpapers5(copy).jpg i-0808edd1
587840,4,InputImage/1127748_33(copy).jpg i-de08ed07
588342,3,InputImage/3167633_Meteosat7(copy).jpg 101250 i-0808edd1
588842,3,InputImage/3167633_Meteosat7(3rd copy).jpg 101250 i-de08ed07
626859,4,InputImage/3167633_Meteosat7(anothercopy).jpg i-f20eeb2b
627360,3,InputImage/3838308_superscreenshot(copy).jpg 122750 i-f20eeb2b
669881,4,InputImage/3167633_Meteosat7(copy).jpg i-0808edd1
670382,3,InputImage/3838308_superscreenshot(3rdcopy).jpg 122750 i-0808edd1
679890,4,InputImage/3167633_Meteosat7(3rd copy).jpg i-de08ed07
680391,3,InputImage/3838308_superscreenshot(4thcopy).jpg 122750 i-de08ed07
685893,4,InputImage/3167633_Meteosat7.jpg i-500bee89
686393,3,InputImage/3838308_superscreenshot.jpg 122750 i-500bee89
712906,4,InputImage/3838308_superscreenshot(4thcopy).jpg i-de08ed07
713407,3,InputImage/3838308_superscreenshot(anothercopy).jpg 122750 i-de08ed07
779941,4,InputImage/3838308_superscreenshot(anothercopy).jpg i-de08ed07
780442,3,InputImage/3838308_superscreenshot(5thcopy).jpg 122750 i-de08ed07
879990,4,InputImage/3838308_superscreenshot(5thcopy).jpg i-de08ed07
929014,4,InputImage/3838308_superscreenshot(copy).jpg i-f20eeb2b
941020,2,idle i-de08ed07
972492,4,InputImage/3838308_superscreenshot(3rdcopy).jpg i-0808edd1
987499,4,InputImage/3838308_superscreenshot.jpg i-500bee89
